--
-- PostgreSQL database dump
--

-- Dumped from database version 13.2
-- Dumped by pg_dump version 13.2

SET statement_timeout = 0;
SET lock_timeout = 0;
SET idle_in_transaction_session_timeout = 0;
SET client_encoding = 'ASCII';
SET standard_conforming_strings = on;
SELECT pg_catalog.set_config('search_path', '', false);
SET check_function_bodies = false;
SET xmloption = content;
SET client_min_messages = warning;
SET row_security = off;

SET default_tablespace = '';

SET default_table_access_method = heap;

--
-- Name: articles; Type: TABLE; Schema: public; Owner: postgres
--

CREATE TABLE public.articles (
    id integer NOT NULL,
    reference character varying(100),
    machine_id integer,
    tempsop numeric,
    liaison integer,
    niveau integer,
    created_at timestamp without time zone NOT NULL,
    updated_at timestamp without time zone,
    order_n integer,
    description character varying(255)
);


ALTER TABLE public.articles OWNER TO postgres;

--
-- Name: machine; Type: TABLE; Schema: public; Owner: postgres
--

CREATE TABLE public.machine (
    id integer NOT NULL,
    name character varying(50) NOT NULL,
    yield_time integer NOT NULL,
    created_at timestamp without time zone NOT NULL,
    updated_at timestamp without time zone
);


ALTER TABLE public.machine OWNER TO postgres;

--
-- Name: machine_id_seq; Type: SEQUENCE; Schema: public; Owner: postgres
--

CREATE SEQUENCE public.machine_id_seq
    AS integer
    START WITH 1
    INCREMENT BY 1
    NO MINVALUE
    NO MAXVALUE
    CACHE 1;


ALTER TABLE public.machine_id_seq OWNER TO postgres;

--
-- Name: machine_id_seq; Type: SEQUENCE OWNED BY; Schema: public; Owner: postgres
--

ALTER SEQUENCE public.machine_id_seq OWNED BY public.machine.id;


--
-- Name: planning; Type: TABLE; Schema: public; Owner: postgres
--

CREATE TABLE public.planning (
    id integer NOT NULL,
    name character varying(100),
    start character varying(100),
    _end character varying(100),
    progress integer DEFAULT 10,
    dependencies character varying(100),
    created_at timestamp without time zone NOT NULL,
    updated_at timestamp without time zone,
    lancement integer,
    quantity integer
);


ALTER TABLE public.planning OWNER TO postgres;

--
-- Name: planning_id_seq; Type: SEQUENCE; Schema: public; Owner: postgres
--

CREATE SEQUENCE public.planning_id_seq
    AS integer
    START WITH 1
    INCREMENT BY 1
    NO MINVALUE
    NO MAXVALUE
    CACHE 1;


ALTER TABLE public.planning_id_seq OWNER TO postgres;

--
-- Name: planning_id_seq; Type: SEQUENCE OWNED BY; Schema: public; Owner: postgres
--

ALTER SEQUENCE public.planning_id_seq OWNED BY public.planning.id;


--
-- Name: workingday; Type: TABLE; Schema: public; Owner: postgres
--

CREATE TABLE public.workingday (
    id integer NOT NULL,
    numerojour integer NOT NULL,
    open_close character varying(10) NOT NULL,
    hour1 character varying(8),
    hour2 character varying(8),
    hour3 character varying(8),
    hour4 character varying(8)
);


ALTER TABLE public.workingday OWNER TO postgres;

--
-- Name: workingday_id_seq; Type: SEQUENCE; Schema: public; Owner: postgres
--

CREATE SEQUENCE public.workingday_id_seq
    AS integer
    START WITH 1
    INCREMENT BY 1
    NO MINVALUE
    NO MAXVALUE
    CACHE 1;


ALTER TABLE public.workingday_id_seq OWNER TO postgres;

--
-- Name: workingday_id_seq; Type: SEQUENCE OWNED BY; Schema: public; Owner: postgres
--

ALTER SEQUENCE public.workingday_id_seq OWNED BY public.workingday.id;


--
-- Name: machine id; Type: DEFAULT; Schema: public; Owner: postgres
--

ALTER TABLE ONLY public.machine ALTER COLUMN id SET DEFAULT nextval('public.machine_id_seq'::regclass);


--
-- Name: planning id; Type: DEFAULT; Schema: public; Owner: postgres
--

ALTER TABLE ONLY public.planning ALTER COLUMN id SET DEFAULT nextval('public.planning_id_seq'::regclass);


--
-- Name: workingday id; Type: DEFAULT; Schema: public; Owner: postgres
--

ALTER TABLE ONLY public.workingday ALTER COLUMN id SET DEFAULT nextval('public.workingday_id_seq'::regclass);


--
-- Data for Name: articles; Type: TABLE DATA; Schema: public; Owner: postgres
--

COPY public.articles (id, reference, machine_id, tempsop, liaison, niveau, created_at, updated_at, order_n, description) FROM stdin;
42	804A0236	\N	11.50	\N	1	2021-06-08 14:11:31.481281	2021-06-08 14:11:48.681115	\N	CHARNIERE UPC 405
52	874A0129	\N	5	\N	1	2021-06-08 14:16:50.835335	2021-06-09 14:03:13.599215	\N	T├┤le arri├¿re CPRC - DEVES
47	805B0083	\N	109	\N	1	2021-06-08 14:14:59.848081	2021-06-08 14:15:25.56728	\N	Couvercle coffret raccordement avec connecteurs - DEVES/DALBY
58	805A0016-OP2	1	8.17	56	2	2021-06-08 14:20:33.028639	2021-06-22 13:36:21.378038	\N	Levier joystick LATERAL - CPRC DEVES
53	805A0015	\N	9.13	\N	1	2021-06-08 14:17:37.384759	2021-06-08 14:17:58.279457	\N	Levier joystick CENTRAL  - CPRC DEVES
3	805B0054-OP2	1	0.25	1	2	2021-04-14 14:12:02.630666	2021-06-22 12:57:46.457944	3	Commande d├®port├®e 8 BP POM
4	805B0054-OP3	2	10.55	1	2	2021-04-14 14:12:15.900749	2021-06-22 12:57:52.499036	\N	Commande d├®port├®e 8 BP POM
56	805A0016	\N	11.96	\N	1	2021-06-08 14:19:19.808964	2021-06-08 14:19:46.325923	\N	Levier joystick LATERAL  - CPRC DEVES
6	805B0054-OP5	1	3	1	2	2021-04-14 14:13:05.066093	2021-06-22 12:58:03.346645	6	Commande d├®port├®e 8 BP POM
8	805B0055-OP1	2	15.50	7	2	2021-06-08 13:51:02.253481	2021-06-22 12:58:14.585733	\N	UVE-2 CASING AVT
9	805B0055-OP2	1	7	7	2	2021-06-08 13:54:37.17235	2021-06-22 12:58:19.537488	\N	UVE-2 CASING AVT
1	805B0054	\N	26.55	\N	1	2021-04-14 14:08:42.387996	2021-06-08 13:42:58.91475	\N	Commande d├®port├®e 8 BP POM
7	805B0055	\N	30	\N	1	2021-04-19 16:14:41.966619	2021-06-08 13:44:20.329977	\N	UVE-2 CASING AVT
10	805B0055-OP3	1	7	7	2	2021-06-08 13:54:54.029661	2021-06-22 12:58:23.425198	\N	UVE-2 CASING AVT
11	804A0155	\N	29.10	\N	1	2021-06-08 13:58:53.310084	\N	\N	Bo├«tier CPRA
17	804B0054	\N	11.25	\N	1	2021-06-08 14:01:28.804577	2021-06-08 14:02:17.116872	\N	Bouchon AVT BRC30
24	804A0232	\N	24.50	\N	1	2021-06-08 14:04:36.743426	2021-06-08 14:05:05.0225	\N	Casing arr CEC70 STANDARD( carte V2)
28	804A0234	\N	23	\N	1	2021-06-08 14:06:21.249166	2021-06-08 14:06:44.643323	\N	Casing arr CEC70 PALFINGER (carte V2)
30	804A0234-OP2	3	13.25	28	2	2021-06-08 14:07:42.653856	2021-06-22 13:33:34.772983	\N	Casing arr CEC70 PALFINGER (carte V2)
32	804A0218	\N	33.5	\N	1	2021-06-08 14:08:30.027496	2021-06-08 14:08:35.146555	\N	Casing ARR CEC90
36	804A0154	\N	14.33	\N	1	2021-06-08 14:09:39.277296	2021-06-08 14:09:58.661641	\N	Bo├«tier CPRB
59	805B0074	\N	4	\N	1	2021-06-08 14:20:52.405059	2021-06-08 14:21:16.646774	\N	Insert connecteur CPRC - DEVES
62	805B0075	\N	7.17	\N	1	2021-06-08 14:22:07.015268	2021-06-08 14:22:23.236083	\N	Bouchon satellite - DEVES
65	805B0036	\N	2	\N	1	2021-06-08 14:23:16.379624	2021-06-08 14:23:34.750809	\N	Support Haut parleur CEC90
69	807B0021/27	\N	23.33	\N	1	2021-06-08 14:25:59.669167	2021-06-09 14:58:07.1795	\N	Barreaux cuivre BRP
76	804A0269	\N	60	\N	1	2021-06-08 14:29:12.354938	2021-06-09 15:10:48.125732	\N	Bride interface - BANC TEST UPU-B
70	805B0057	\N	5.84	\N	1	2021-06-08 14:26:52.077032	2021-06-08 14:27:18.715546	\N	UVE-2 CASING ARR
73	805B0056	\N	0.25	\N	1	2021-06-08 14:28:08.702249	2021-06-08 14:28:28.016044	\N	UVE-2 COULISSEAU
78	804AETRIER	\N	60	\N	1	2021-06-08 14:31:29.835112	2021-06-09 15:11:40.154029	\N	Etrier UPU-B - BANC TEST UPU-B
77	804A0270	\N	60	\N	1	2021-06-08 14:30:06.532135	2021-06-09 15:11:16.995314	\N	Support capteur - BANC TEST UPU-B
79	804ACALE	\N	60	\N	1	2021-06-08 14:31:52.002788	2021-06-09 15:12:03.063652	\N	Cale sauterelle - BANC TEST UPU-B
2	805B0054-OP1	2	9.75	1	2	2021-04-14 14:11:24.89386	2021-06-22 12:57:42.26945	\N	Commande d├®port├®e 8 BP POM
80	805B0038	\N	2	\N	1	2021-06-08 14:33:15.547957	2021-06-08 14:33:37.417477	\N	Reprise boitier INF  Facnor
60	805B0074-OP1	2	1.5	59	2	2021-06-08 14:21:39.763335	2021-06-22 13:36:29.66874	\N	Insert connecteur CPRC - DEVES
68	807B0031/32	\N	12.5	\N	1	2021-06-08 14:24:47.7691	2021-06-09 14:57:11.863563	\N	BUSBAR +BAT + BUSBAR -BAT - UPC 401 V2
12	804A0155-OP1	3	9.5	11	2	2021-06-08 13:59:39.391605	2021-06-22 12:58:33.347506	\N	Bo├«tier CPRA
14	804A0155-OP3	3	0.42	11	2	2021-06-08 14:00:06.292416	2021-06-22 12:58:42.306164	\N	Bo├«tier CPRA
15	804A0155-OP4	3	0.67	11	2	2021-06-08 14:00:16.514349	2021-06-22 12:58:46.699792	\N	Bo├«tier CPRA
16	804A0155-OP5	3	7.5	11	2	2021-06-08 14:00:25.747247	2021-06-22 12:58:53.650675	\N	Bo├«tier CPRA
18	804B0054-OP1	3	3	17	2	2021-06-08 14:02:52.998791	2021-06-22 12:59:03.274881	\N	Bouchon AVT BRC30
20	804B0054-OP3	3	1	17	2	2021-06-08 14:03:18.563651	2021-06-22 12:59:12.785782	\N	Bouchon AVT BRC30
21	804B0054-OP4	3	0.5	17	2	2021-06-08 14:03:29.136542	2021-06-22 12:59:17.068002	\N	Bouchon AVT BRC30
22	804B0054-OP5	3	0.5	17	2	2021-06-08 14:03:37.089437	2021-06-22 12:59:21.337556	\N	Bouchon AVT BRC30
25	804A0232-OP1	3	8.75	24	2	2021-06-08 14:05:32.69321	2021-06-22 13:33:10.326429	\N	Casing arr CEC70 STANDARD( carte V2)
26	804A0232-OP2	3	14.5	24	2	2021-06-08 14:05:43.834644	2021-06-22 13:33:15.237301	\N	Casing arr CEC70 STANDARD( carte V2)
29	804A0234-OP1	3	9	28	2	2021-06-08 14:07:04.07576	2021-06-22 13:33:30.434923	\N	Casing arr CEC70 PALFINGER (carte V2)
33	804A0218-OP1	3	14.5	32	2	2021-06-08 14:08:54.946577	2021-06-22 13:33:51.966225	\N	Casing ARR CEC90
34	804A0218-OP2	3	17.75	32	2	2021-06-08 14:09:03.755445	2021-06-22 13:33:55.91607	\N	Casing ARR CEC90
35	804A0218-OP3	3	1.25	32	2	2021-06-08 14:09:16.699584	2021-06-22 13:34:00.469781	\N	Casing ARR CEC90
38	804A0154-OP2	3	0.63	36	2	2021-06-08 14:10:41.735498	2021-06-22 13:34:13.747891	\N	Bo├«tier CPRB
39	804A0154-OP3	3	0.63	36	2	2021-06-08 14:10:50.724744	2021-06-22 13:34:17.48218	\N	Bo├«tier CPRB
40	804A0154-OP4	3	0.67	36	2	2021-06-08 14:11:04.763581	2021-06-22 13:34:21.586601	\N	Bo├«tier CPRB
41	804A0154-OP5	3	0.58	36	2	2021-06-08 14:11:13.341959	2021-06-22 13:34:26.867997	\N	Bo├«tier CPRB
44	804A0236-OP2	3	3.83	42	2	2021-06-08 14:12:22.179411	2021-06-22 13:34:42.107469	\N	CHARNIERE UPC 405
45	804A0236-OP3	3	3.83	42	2	2021-06-08 14:12:30.516665	2021-06-22 13:34:46.628285	\N	CHARNIERE UPC 405
49	805B0083-OP2	2	0.38	47	2	2021-06-08 14:16:00.428446	2021-06-22 13:35:25.916449	\N	Couvercle coffret raccordement avec connecteurs - DEVES/DALBY
50	805B0083-OP3	2	18.25	47	2	2021-06-08 14:16:11.559638	2021-06-22 13:35:30.996095	\N	Couvercle coffret raccordement avec connecteurs - DEVES/DALBY
54	805A0015-OP1	2	3.78	53	2	2021-06-08 14:18:40.916881	2021-06-22 13:36:03.925775	\N	Levier joystick CENTRAL - CPRC DEVES
55	805A0015-OP2	1	5.35	53	2	2021-06-08 14:18:59.511745	2021-06-22 13:36:07.660096	\N	Levier joystick CENTRAL - CPRC DEVES
61	805B0074-OP2	1	2.5	59	2	2021-06-08 14:21:47.98224	2021-06-22 13:36:34.442335	\N	Insert connecteur CPRC - DEVES
64	805B0075-OP2	1	2.5	62	2	2021-06-08 14:22:58.075804	2021-06-22 13:37:57.962901	\N	Bouchon satellite - DEVES
66	805B0036-OP1	2	1	65	2	2021-06-08 14:23:55.1931	2021-06-22 13:38:55.155087	\N	Support Haut parleur CEC90
71	805B0057-OP1	2	4.17	70	2	2021-06-08 14:27:40.751314	2021-06-22 13:39:33.737442	\N	UVE-2 CASING ARR
72	805B0057-OP2	1	1.67	70	2	2021-06-08 14:27:51.550762	2021-06-22 13:39:38.299569	\N	UVE-2 CASING ARR
74	805B0056-OP1	2	0.125	73	2	2021-06-08 14:28:45.278529	2021-06-22 13:39:49.613227	\N	UVE-2 COULISSEAU
81	805B0038-OP1	2	1.25	80	2	2021-06-08 14:33:54.827545	2021-06-22 13:41:22.587833	\N	Reprise boitier INF Facnor
110	804A0261	\N	11	\N	1	2021-06-08 14:45:23.583079	2021-06-18 08:55:52.96156	\N	Trappe - UPC 405
86	850B0005	\N	0.96	\N	1	2021-06-08 14:35:33.162293	2021-06-08 14:35:55.079174	\N	Support contact - connecteur sat
89	805A0002	\N	1.05	\N	1	2021-06-08 14:36:51.947491	2021-06-08 14:37:05.102786	\N	Bouchon satellite CEC70 / CEC90
92	805A0007	\N	3	\N	1	2021-06-08 14:38:04.998281	2021-06-08 14:38:26.691834	\N	 Cale serrage ecran CEC90 Encastrable
95	805A0001	\N	0.3	\N	1	2021-06-08 14:39:32.166717	2021-06-08 14:39:48.12044	\N	Taquet CEC90
98	805B0044	\N	21.17	\N	1	2021-06-08 14:40:35.275894	2021-06-08 14:40:51.475532	\N	Casing avt CEC90 POM
101	805B0043	\N	22	\N	1	2021-06-08 14:41:43.718395	2021-06-08 14:42:09.815009	\N	Casing avt CEC90 encastrable
104	805B0066	\N	23.5	\N	1	2021-06-08 14:43:38.811623	2021-06-08 14:43:54.228324	\N	Commande d├®port├®e 6+1BP POM
130	814B0020	\N	2.62	\N	1	2021-06-08 14:59:39.464005	2021-06-18 09:14:00.615228	\N	REPRISE D'USINAGE UPC102 VERS UPC104
111	804A0225	\N	8.26	\N	1	2021-06-08 14:46:21.680406	2021-06-08 14:46:38.157434	\N	Tole arr UPC130
114	805B0045	\N	16.20	\N	1	2021-06-08 14:49:56.913515	2021-06-08 14:50:14.460324	\N	Casing avt CEC70
117	805B0070	\N	7.20	\N	1	2021-06-08 14:51:51.771461	2021-06-08 14:52:12.77473	\N	Levier - UPC 405
122	805B0049	\N	17.5	\N	1	2021-06-08 14:55:57.250758	2021-06-08 14:56:18.286497	\N	Casing cellule - UPU T2
126	805B0051	\N	22.8	\N	1	2021-06-08 14:57:54.866536	2021-06-08 14:58:17.824124	\N	Casing ARR - UPU T2
160	801B0071	\N	3.25	\N	1	2021-06-08 15:15:48.352825	2021-06-18 09:39:07.854005	\N	GUIDE RESSORT SUP. - Soupape commande frein 4-30 bar
131	804A0032	\N	7.30	\N	1	2021-06-08 15:00:41.618852	2021-06-08 15:02:02.205263	\N	Couvercle MCP
134	804A0040	\N	14.4	\N	1	2021-06-08 15:03:23.266877	2021-06-08 15:03:57.702262	\N	CORPS UPU
139	805B0039	\N	2	\N	1	2021-06-08 15:05:49.125404	2021-06-18 11:04:47.578257	\N	Reprise boitier SUP Facnor
153	850B0004	\N	0.32	\N	1	2021-06-08 15:11:59.082895	2021-06-18 11:18:29.778696	\N	Reprise de cote -  Bouchon ARR BRC20/30
140	805B0080	\N	20.20	\N	1	2021-06-08 15:06:30.491417	2021-06-08 15:06:48.905793	\N	Casing Satellite Zigbee
143	805B0027	\N	6.3	\N	1	2021-06-08 15:07:56.241753	2021-06-08 15:08:08.778418	\N	Bouchon CPZ
146	805B0014	\N	8.5	\N	1	2021-06-08 15:08:57.047016	2021-06-08 15:09:14.902262	\N	Bouchon Sup CPZ
149	805B0060/61	\N	4.5	\N	1	2021-06-08 15:10:08.772787	2021-06-08 15:10:36.541368	\N	Came droite + Came Gauche - UPC 405
158	804A0281-OP1	4	3	157	2	2021-06-08 15:15:04.758383	2021-06-22 13:40:39.074728	\N	Fixation poign├®e (ROUSSEAU)
154	801A0066	4	12	\N	1	2021-06-08 15:12:46.470406	2021-06-08 15:13:03.420362	\N	Vis banjo creuse - Bloc translation
155	801B0113	4	0.85	\N	1	2021-06-08 15:13:22.323213	2021-06-08 15:13:35.482589	\N	Tirant M8 x 189 pour PVG32 ├á 2 ├®l├®ments
156	801B0150	4	0.85	\N	1	2021-06-08 15:13:54.663703	2021-06-08 15:14:10.937374	\N	Tirant M8 x 140 pour PVG32 ├á 1 ├®l├®ments
157	804A0281	\N	4.25	\N	1	2021-06-08 15:14:33.217503	2021-06-08 15:14:49.361713	\N	Fixation poign├®e (ROUSSEAU)
161	801B0016	\N	6.5	\N	1	2021-06-08 15:16:20.60583	2021-06-18 09:39:53.806647	\N	GUIDE RESSORT INF. PART 2 - Soupape commande frein 4-30 bar
138	200B0024	\N	2.5	\N	1	2021-06-08 15:05:12.059095	2021-06-18 11:04:04.706738	\N	Interface bloc float
159	804A0281-OP2	3	1.25	157	2	2021-06-08 15:15:21.89507	2021-06-22 13:40:43.8706	\N	Fixation poign├®e (ROUSSEAU)
82	805B0038-OP2	2	0.75	80	2	2021-06-08 14:34:02.309517	2021-06-22 13:41:26.057581	\N	Reprise boitier INF Facnor
87	850B0005-OP1	2	0.83	86	2	2021-06-08 14:36:17.097008	2021-06-22 13:41:35.267543	\N	Support contact - connecteur sat
88	850B0005-OP2	1	0.13	86	2	2021-06-08 14:36:28.101384	2021-06-22 13:41:39.19415	\N	Support contact - connecteur sat
90	805A0002-OP1	2	0.75	89	2	2021-06-08 14:37:32.22579	2021-06-22 13:41:47.49885	\N	Bouchon satellite CEC70 / CEC90
91	805A0002-OP2	1	0.3	89	2	2021-06-08 14:37:43.161276	2021-06-22 13:41:51.323935	\N	Bouchon satellite CEC70 / CEC90
93	805A0007-OP1	2	1.5	92	2	2021-06-08 14:38:52.951793	2021-06-22 13:41:58.415502	\N	Cale serrage ecran CEC90 Encastrable
94	805A0007-OP2	2	1.5	92	2	2021-06-08 14:39:07.324794	2021-06-22 13:42:02.114983	\N	Cale serrage ecran CEC90 Encastrable
96	805A0001-OP1	2	0.27	95	2	2021-06-08 14:40:07.301461	2021-06-22 13:42:09.875347	\N	Taquet CEC90
99	805B0044-OP1	2	9	98	2	2021-06-08 14:41:13.102893	2021-06-22 13:42:20.84588	\N	Casing avt CEC90 POM
100	805B0044-OP2	1	12.17	98	2	2021-06-08 14:41:26.004269	2021-06-22 13:42:24.324688	\N	Casing avt CEC90 POM
102	805B0043-OP1	2	12	101	2	2021-06-08 14:42:23.716592	2021-06-22 13:42:32.73845	\N	Casing avt CEC90 encastrable
105	805B0066-OP1	2	8.75	104	2	2021-06-08 14:44:15.463663	2021-06-22 13:44:32.684532	\N	Commande d├®port├®e 6+1BP POM
106	805B0066-OP2	2	0.25	104	2	2021-06-08 14:44:25.663197	2021-06-22 13:44:43.27934	\N	Commande d├®port├®e 6+1BP POM
108	805B0066-OP4	2	10.25	104	2	2021-06-08 14:44:45.97067	2021-06-22 13:44:50.725281	\N	Commande d├®port├®e 6+1BP POM
109	805B0066-OP5	1	3	104	2	2021-06-08 14:44:58.549292	2021-06-22 13:44:54.514669	\N	Commande d├®port├®e 6+1BP POM
112	804A0225-OP1	2	1.83	111	2	2021-06-08 14:46:59.233968	2021-06-22 13:45:04.924697	\N	Tole arr UPC130
115	805B0045-OP1	2	6	114	2	2021-06-08 14:50:43.432477	2021-06-22 13:45:16.319247	\N	Casing avt CEC70
116	805B0045-OP2	1	10.17	114	2	2021-06-08 14:50:54.893819	2021-06-22 13:45:20.058525	\N	Casing avt CEC70
118	805B0070-OP1	1	3.5	117	2	2021-06-08 14:52:38.538589	2021-06-22 13:45:28.163873	\N	Levier - UPC 405
120	805B0070-OP3	1	3.10	117	2	2021-06-08 14:53:05.911579	2021-06-22 13:45:35.08331	\N	Levier - UPC 405
121	805B0070-REPRISE	1	0.23	117	2	2021-06-08 14:53:33.108777	2021-06-22 13:45:38.964125	\N	Levier - UPC 405
123	805B0049-OP1	4	3	122	2	2021-06-08 14:56:44.466774	2021-06-22 13:45:49.39153	\N	Casing cellule - UPU T2
125	805B0049-OP3	1	8.5	122	2	2021-06-08 14:57:27.307762	2021-06-22 13:45:56.739588	\N	Casing cellule - UPU T2
127	805B0051-OP1	4	3	126	2	2021-06-08 14:58:51.131796	2021-06-22 13:46:03.891589	\N	Casing ARR - UPU T2
128	805B0051-OP2	2	6	126	2	2021-06-08 14:59:01.979724	2021-06-22 13:46:07.530715	\N	Casing ARR - UPU T2
129	805B0051-OP3	2	13.8	126	2	2021-06-08 14:59:15.251231	2021-06-22 13:46:11.355446	\N	Casing ARR - UPU T2
133	804A0032-OP2	4	1.87	131	2	2021-06-08 15:02:49.046646	2021-06-22 13:46:23.05328	\N	Couvercle MCP
135	804A0040-OP1	4	5.32	134	2	2021-06-08 15:04:23.164665	2021-06-22 13:46:29.784893	\N	CORPS UPU
136	804A0040-OP2	4	6.93	134	2	2021-06-08 15:04:34.263899	2021-06-22 13:46:33.963007	\N	CORPS UPU
137	804A0040-OP3	1	2.13	134	2	2021-06-08 15:04:50.132953	2021-06-22 13:46:37.315723	\N	CORPS UPU
142	805B0080-OP2	1	10.55	140	2	2021-06-08 15:07:26.708229	2021-06-22 13:46:52.106724	\N	Casing Satellite Zigbee
144	805B0027-OP1	1	2.23	143	2	2021-06-08 15:08:27.099088	2021-06-22 13:47:38.556319	\N	Bouchon CPZ
145	805B0027-OP2	1	4.07	143	2	2021-06-08 15:08:38.379938	2021-06-22 13:47:44.821836	\N	Bouchon CPZ
147	805B0014-OP1	1	4	146	2	2021-06-08 15:09:37.969666	2021-06-22 13:47:53.44326	\N	Bouchon Sup CPZ
150	805B0060-OP1	1	2	149	2	2021-06-08 15:10:53.423601	2021-06-22 13:48:13.956428	\N	Came droite UPC 405
151	805B0061-OP1	1	2	149	2	2021-06-08 15:11:01.624756	2021-06-22 13:48:25.091618	\N	Came gauche UPC 405
113	804A0225-OP2	2	6.43	111	2	2021-06-08 14:47:08.469676	2021-06-22 13:45:08.40363	\N	Tole arr UPC130
119	805B0070-OP2	1	0.33	117	2	2021-06-08 14:52:49.598352	2021-06-22 13:45:31.639056	\N	Levier - UPC 405
124	805B0049-OP2	1	6	122	2	2021-06-08 14:57:00.696122	2021-06-22 13:45:53.042793	\N	Casing cellule - UPU T2
165	802B0009	\N	4.65	\N	1	2021-06-08 15:19:24.518925	2021-06-08 15:20:49.489129	\N	Arbre UPU
168	804B0179	\N	3.25	\N	1	2021-06-08 15:21:16.716092	2021-06-08 15:21:30.539923	\N	BOUCHON UPU
171	804A0031	\N	4	\N	1	2021-06-08 15:22:48.88207	2021-06-08 15:23:03.488931	\N	Bouchon avant MCP
132	804A0032-OP1	1	5.40	131	2	2021-06-08 15:02:29.604318	2021-06-22 13:46:19.779792	\N	Couvercle MCP
141	805B0080-OP1	1	9.58	140	2	2021-06-08 15:07:16.268862	2021-06-22 13:46:47.692062	\N	Casing Satellite Zigbee
46	804A0237	\N	20	\N	1	2021-06-08 14:13:32.041416	2021-06-09 12:28:13.571855	\N	BLOC ZERO FUITE SUR B
182	804AETRIER-OP1	2	60	78	2	2021-06-09 15:11:54.329716	\N	\N	
183	804ACALE-OP1	2	60	79	2	2021-06-09 15:12:18.086553	\N	\N	
162	801B0070	\N	5	\N	1	2021-06-08 15:17:01.987143	2021-06-18 09:40:40.756771	\N	BOUCHON 3/4" - Soupape commande frein 4-30 bar
163	801B0126	\N	20	\N	1	2021-06-08 15:17:34.091413	2021-06-18 09:41:16.916892	\N	CAPUCHON - Soupape commande frein 4-30 bar
164	805B0001	\N	0.83	\N	1	2021-06-08 15:18:46.520224	2021-06-18 09:42:04.717758	\N	Support frein UMB
174	807B0017	\N	7.33	\N	1	2021-06-08 15:24:00.223038	2021-06-18 09:43:06.381243	\N	Plot de puissance - FACNOR
175	807B0019	\N	5.50	\N	1	2021-06-08 15:24:15.548961	2021-06-18 09:43:38.566357	\N	Plot de puissance M6 - UPC 405
5	805B0054-OP4	2	3	1	2	2021-04-14 14:12:31.836778	2021-06-22 12:57:58.654322	5	Commande d├®port├®e 8 BP POM
13	804A0155-OP2	3	0.5	11	2	2021-06-08 13:59:52.143149	2021-06-22 12:58:37.365079	\N	Bo├«tier CPRA
19	804B0054-OP2	3	5.75	17	2	2021-06-08 14:03:05.589733	2021-06-22 12:59:08.242916	\N	Bouchon AVT BRC30
23	804B0054-OP6	3	0.5	17	2	2021-06-08 14:03:46.496488	2021-06-22 12:59:26.772816	\N	Bouchon AVT BRC30
27	804A0232-OP3	3	1.25	24	2	2021-06-08 14:05:58.943086	2021-06-22 13:33:19.108455	\N	Casing arr CEC70 STANDARD( carte V2)
31	804A0234-OP3	3	0.75	28	2	2021-06-08 14:07:52.629078	2021-06-22 13:33:42.3428	\N	Casing arr CEC70 PALFINGER (carte V2)
37	804A0154-OP1	3	6.5	36	2	2021-06-08 14:10:17.705959	2021-06-22 13:34:09.906123	\N	Bo├«tier CPRB
43	804A0236-OP1	3	3.83	42	2	2021-06-08 14:12:16.541588	2021-06-22 13:34:38.106422	\N	CHARNIERE UPC 405
176	804A0237-OP1	3	20	46	2	2021-06-09 12:28:43.16234	2021-06-22 13:35:07.550437	\N	BLOC ZERO FUITE SUR B
48	805B0083-OP1	2	3.5	47	2	2021-06-08 14:15:49.359774	2021-06-22 13:35:22.129592	\N	Couvercle coffret raccordement avec connecteurs - DEVES/DALBY
51	805B0083-OP4	2	33	47	2	2021-06-08 14:16:22.398412	2021-06-22 13:35:35.674136	\N	Couvercle coffret raccordement avec connecteurs - DEVES/DALBY
177	874A0129-OP1	2	5	52	2	2021-06-09 14:03:32.631593	2021-06-22 13:35:50.450259	\N	T├┤le arri├¿re CPRC - DEVES
57	805A0016-OP1	2	3.79	56	2	2021-06-08 14:20:12.764739	2021-06-22 13:36:17.620895	\N	Levier joystick LATERAL - CPRC DEVES
63	805B0075-OP1	2	4.67	62	2	2021-06-08 14:22:43.214026	2021-06-22 13:37:53.848558	\N	Bouchon satellite - DEVES
67	805B0036-OP2	2	1	65	2	2021-06-08 14:24:25.411488	2021-06-22 13:38:59.938166	\N	Support Haut parleur CEC90
178	807B0031/32-OP1	2	12.5	68	2	2021-06-09 14:57:42.216006	2021-06-22 13:39:15.380911	\N	BUSBAR +BAT + BUSBAR -BAT - UPC 401 V2
75	805B0056-OP2	2	0.125	73	2	2021-06-08 14:28:50.909757	2021-06-22 13:39:54.653431	\N	UVE-2 COULISSEAU
180	804A0269-OP1	2	60	76	2	2021-06-09 15:11:07.910236	2021-06-22 13:40:11.689991	\N	Bride interface - BANC TEST UPU-B
181	804A0270-OP1	2	60	77	2	2021-06-09 15:11:31.334543	2021-06-22 13:40:21.219956	\N	Support capteur - BANC TEST UPU-B
184	804A0261-OP1	2	11	110	2	2021-06-18 08:56:18.855882	2021-06-22 13:40:32.488766	\N	Trappe - UPC 405
97	805A0001-OP2	2	0.03	95	2	2021-06-08 14:40:15.881989	2021-06-22 13:42:13.058667	\N	Taquet CEC90
103	805B0043-OP2	2	10	101	2	2021-06-08 14:42:31.078703	2021-06-22 13:42:38.309396	\N	Casing avt CEC90 encastrable
107	805B0066-OP3	2	1.25	104	2	2021-06-08 14:44:34.702969	2021-06-22 13:44:46.838786	\N	Commande d├®port├®e 6+1BP POM
148	805B0014-OP2	1	4.5	146	2	2021-06-08 15:09:45.253463	2021-06-22 13:47:57.003439	\N	Bouchon Sup CPZ
152	805B0060/61-OP3	1	0.4	149	2	2021-06-08 15:11:20.329584	2021-06-22 13:48:35.835691	\N	Came droite + Came Gauche - UPC 405
166	802B0009-OP1	4	3.5	165	2	2021-06-08 15:20:23.105308	2021-06-22 13:48:48.544941	\N	Arbre UPU
167	802B0009-OP2	4	1.15	165	2	2021-06-08 15:20:35.37525	2021-06-22 13:48:54.244476	\N	Arbre UPU
169	804B0179-OP1	4	2	168	2	2021-06-08 15:21:46.818046	2021-06-22 13:49:02.124989	\N	BOUCHON UPU
170	804B0179-OP2	4	1.25	168	2	2021-06-08 15:21:58.217739	2021-06-22 13:49:05.879984	\N	BOUCHON UPU
172	804A0031-OP1	3	3	171	2	2021-06-08 15:23:31.001581	2021-06-22 13:49:14.592697	\N	Bouchon avant MCP
173	804A0031-OP2	4	1	171	2	2021-06-08 15:23:39.316266	2021-06-22 13:49:18.908461	\N	Bouchon avant MCP
179	807B0021/27-OP1	2	23.33	69	2	2021-06-09 14:58:01.91945	2021-06-22 13:49:39.332231	\N	Barreaux cuivre BRP
185	814B0020-OP1	2	2.62	130	2	2021-06-18 09:14:17.680152	2021-06-22 13:50:22.71477	\N	REPRISE D'USINAGE UPC102 VERS UPC104
186	801B0071-OP1	4	3.25	160	2	2021-06-18 09:39:32.736397	2021-06-22 13:50:47.481347	\N	GUIDE RESSORT SUP. - Soupape commande frein 4-30 bar
187	801B0016-OP1	4	6.5	161	2	2021-06-18 09:40:14.78	2021-06-22 13:50:53.940531	\N	GUIDE RESSORT INF. PART 2 - Soupape commande frein 4-30 bar
188	801B0070-OP1	4	5	162	2	2021-06-18 09:40:54.530472	2021-06-22 13:51:04.951105	\N	BOUCHON 3/4" - Soupape commande frein 4-30 bar
189	801B0126-OP1	4	20	163	2	2021-06-18 09:41:42.883355	2021-06-22 13:51:24.017033	\N	CAPUCHON - Soupape commande frein 4-30 bar
190	805B0001-OP1	4	0.83	164	2	2021-06-18 09:42:26.968089	2021-06-22 13:52:08.779755	\N	Support frein UMB
191	807B0017-OP1	4	7.33	174	2	2021-06-18 09:43:25.114505	2021-06-22 13:52:49.661362	\N	Plot de puissance - FACNOR
192	807B0019-OP1	4	5.5	175	2	2021-06-18 09:43:53.206057	2021-06-22 13:53:30.2566	\N	Plot de puissance M6 - UPC 405
193	200B0024-OP1	1	2.5	138	2	2021-06-18 11:04:27.255992	2021-06-22 13:53:49.960029	\N	Interface bloc float
194	805B0039-OP1	1	2	139	2	2021-06-18 11:05:06.396404	2021-06-22 13:54:17.06776	\N	Reprise boitier SUP Facnor
195	850B0004-OP1	1	0.32	153	2	2021-06-18 11:18:50.079505	2021-06-22 13:54:33.918404	\N	Reprise de cote - Bouchon ARR BRC20/30
196	801B0071-OP2	4	0.683	160	2	2021-06-23 08:33:29.628583	2021-06-23 08:33:34.966689	\N	GUIDE RESSORT SUP. - Soupape commande frein 4-30 bar
\.


--
-- Data for Name: machine; Type: TABLE DATA; Schema: public; Owner: postgres
--

COPY public.machine (id, name, yield_time, created_at, updated_at) FROM stdin;
1	DATRON NEO	40	2021-05-25 15:10:03.637169	2021-06-08 10:30:03.705606
2	DATRON M8 CUBE	50	2021-05-25 15:10:33.011766	2021-06-08 10:30:21.861783
3	MAZAK VCN 530C	60	2021-06-02 14:34:36.225657	2021-06-08 10:30:41.271315
4	MAZAK QT200MSYL (Tour)	30	2021-06-02 14:38:41.972137	2021-06-22 13:59:27.784388
\.


--
-- Data for Name: planning; Type: TABLE DATA; Schema: public; Owner: postgres
--

COPY public.planning (id, name, start, _end, progress, dependencies, created_at, updated_at, lancement, quantity) FROM stdin;
286	804A0155-OP1	2021-06-01 07:00:00	2021-06-03 16:00:00	100		2021-06-08 15:29:59.008552	2021-06-08 15:30:58.653433	2	56
288	804A0155-OP5	2021-06-01 07:00:00	2021-06-03 16:00:00	100		2021-06-08 15:29:59.011011	2021-06-08 15:31:14.721246	2	56
323	804B0054-OP5	2021-06-04 15:15:00	2021-06-04 15:45:00	100	\N	2021-06-09 12:34:25.110636	2021-06-22 11:25:14.424072	10	16
325	804B0054-OP2	2021-06-04 09:30:00	2021-06-04 12:30:00	100	\N	2021-06-09 12:34:25.134502	2021-06-22 11:24:27.288038	10	16
321	804B0054-OP3	2021-06-04 13:00:00	2021-06-04 14:30:00	100	\N	2021-06-09 12:34:25.110293	2021-06-22 11:24:43.254809	10	16
326	805B0083-OP3	2021-05-27 00:00:00	2021-05-31 09:03:45	100	\N	2021-06-09 13:56:07.364368	2021-06-09 13:59:24.709888	11	22
296	804B0054-OP1	2021-06-04 07:00:00	2021-06-04 09:30:00	100	\N	2021-06-08 15:38:08.500298	2021-06-09 08:23:50.808785	3	16
299	804B0054-OP4	2021-06-04 14:30:00	2021-06-04 15:15:00	100	\N	2021-06-08 15:38:08.50192	2021-06-09 08:32:30.048682	3	16
301	804B0054-OP6	2021-06-04 15:15:00	2021-06-04 15:45:00	100	\N	2021-06-08 15:38:08.502286	2021-06-09 08:33:05.518937	3	16
304	804A0232-OP3	2021-06-17 09:40:00	2021-06-14 16:20:00	100	\N	2021-06-09 08:35:10.556782	2021-06-21 11:32:53.963589	4	100
372	805B0054-OP5	2021-06-23 08:42:30	2021-06-25 11:12:30	10	\N	2021-06-09 16:01:37.365929	2021-06-23 08:31:04.515758	33	50
334	805B0016-OP1	2021-06-04 14:30:00	2021-06-07 12:30:00	100	\N	2021-06-09 14:26:41.866468	2021-06-09 14:28:37.599103	14	97
336	805B0074-OP1	2021-06-07 13:00:00	2021-06-07 17:20:00	100	\N	2021-06-09 14:43:04.903182	2021-06-09 14:45:00.60219	15	91
340	805B0036-OP2	2021-06-09 13:00:00	2021-06-09 15:30:00	100	\N	2021-06-09 14:55:06.705964	2021-06-21 11:39:53.982784	17	100
344	805B0057-OP2	2021-06-09 15:30:00	2021-06-10 15:15:00	100	\N	2021-06-09 15:02:20.106055	2021-06-21 11:42:39.022507	20	100
346	805B0056-OP2	2021-06-11 14:45:00	2021-06-14 14:45:00	100	\N	2021-06-09 15:08:15.219038	2021-06-21 11:58:49.587878	21	111
391	804A0281-OP1	2021-06-08 10:30:00	2021-06-08 14:30:00	100	\N	2021-06-18 09:24:53.347847	2021-06-23 08:53:24.082873	40	12
411	804A0032-OP1	2021-06-14 16:30:00	2021-06-15 13:00:00	100	\N	2021-06-18 10:46:40.001284	2021-06-21 12:35:57.79114	51	35
305	804A0234-OP1	2021-06-15 08:00:00	2021-06-17 15:20:00	100	\N	2021-06-09 08:52:40.163084	2021-06-23 08:37:44.667243	5	56
360	805A0002-OP1	2021-06-11 13:00:00	2021-06-14 11:00:00	100	\N	2021-06-09 15:46:49.395562	2021-06-22 11:43:44.060657	28	167
307	804A0234-OP3	2021-06-15 08:00:00	2021-06-17 15:20:00	100	\N	2021-06-09 08:52:40.164963	2021-06-23 08:37:58.613881	5	56
330	874A0129-OP1	2021-06-03 11:30:00	2021-06-03 16:30:00	100	\N	2021-06-09 14:04:27.938317	2021-06-22 11:19:05.421382	12	43
332	805A0015-OP2	2021-06-04 15:30:00	2021-06-07 17:20:00	100	\N	2021-06-09 14:19:46.135274	2021-06-22 11:20:00.713893	13	55
393	801B0071-OP1	2021-06-14 13:45:00	2021-06-14 17:20:00	100	\N	2021-06-18 09:44:56.228938	2021-06-23 08:34:10.412759	43	19
369	805B0054-OP1	2021-06-14 11:00:00	2021-06-16 15:30:00	100	\N	2021-06-09 16:01:37.365243	2021-06-23 08:27:10.893586	33	50
289	804A0155-OP4	2021-06-01 07:00:00	2021-06-03 16:00:00	100		2021-06-08 15:29:59.011409	2021-06-08 15:31:08.192858	2	56
285	804A0155-OP2	2021-06-01 07:00:00	2021-06-03 16:00:00	100		2021-06-08 15:29:59.008252	2021-06-08 15:31:21.730915	2	56
287	804A0155-OP3	2021-06-01 07:00:00	2021-06-03 16:00:00	100		2021-06-08 15:29:59.0088	2021-06-08 15:31:28.330488	2	56
339	805B0036-OP1	2021-06-08 15:00:00	2021-06-09 12:30:00	100	\N	2021-06-09 14:55:06.704688	2021-06-21 11:39:09.151695	17	100
303	804A0232-OP2	2021-06-10 09:20:00	2021-06-14 08:00:00	100	\N	2021-06-09 08:35:10.555992	2021-06-21 11:32:13.22145	4	100
345	805B0056-OP1	2021-06-10 15:30:00	2021-06-11 11:45:00	100	\N	2021-06-09 15:08:15.218024	2021-06-21 11:58:06.720345	21	120
394	801B0016-OP1	2021-06-16 09:00:00	2021-06-16 17:00:00	100	\N	2021-06-18 09:45:16.658538	2021-06-23 08:39:36.540846	41	17
297	804B0054-OP2	2021-06-04 09:30:00	2021-06-04 12:30:00	100	\N	2021-06-08 15:38:08.501611	2021-06-09 08:31:50.397593	3	16
298	804B0054-OP3	2021-06-04 13:00:00	2021-06-04 14:30:00	100	\N	2021-06-08 15:38:08.501771	2021-06-09 08:32:14.272864	3	16
300	804B0054-OP5	2021-06-04 15:15:00	2021-06-04 15:45:00	100	\N	2021-06-08 15:38:08.502052	2021-06-09 08:32:58.573399	3	16
343	805B0057-OP1	2021-06-09 13:00:00	2021-06-10 13:00:00	100	\N	2021-06-09 15:02:20.105116	2021-06-21 11:42:25.761505	20	100
388	814B0020-OP1	2021-06-10 16:00:00	2021-06-11 14:45:00	100	\N	2021-06-18 09:14:47.609899	2021-06-21 12:02:24.32542	38	96
324	804B0054-OP6	2021-06-04 15:15:00	2021-06-04 15:45:00	100	\N	2021-06-09 12:34:25.133353	2021-06-22 11:25:19.855485	10	16
320	804B0054-OP1	2021-06-04 07:00:00	2021-06-04 09:30:00	100	\N	2021-06-09 12:34:25.11005	2021-06-22 11:24:09.005838	10	16
328	805B0083-OP1	2021-05-27 00:00:00	2021-05-27 11:12:30	100	\N	2021-06-09 13:56:07.363799	2021-06-09 13:58:57.766291	11	22
327	805B0083-OP2	2021-05-27 00:00:00	2021-05-27 08:20:54	100	\N	2021-06-09 13:56:07.36402	2021-06-09 13:59:15.490775	11	22
329	805B0083-OP4	2021-05-27 13:30:00	2021-06-03 11:15:00	100	\N	2021-06-09 13:56:07.364967	2021-06-09 14:00:00.755189	11	22
322	804B0054-OP4	2021-06-04 14:30:00	2021-06-04 15:15:00	100	\N	2021-06-09 12:34:25.110481	2021-06-22 11:25:00.15664	10	16
333	805B0016-OP2	2021-06-07 17:30:00	2021-06-09 11:30:00	100	\N	2021-06-09 14:26:41.760316	2021-06-21 11:29:11.486871	14	98
335	805B0074-OP2	2021-06-08 07:30:00	2021-06-08 15:00:00	100	\N	2021-06-09 14:43:04.901617	2021-06-21 11:36:31.946899	15	91
371	805B0054-OP3	2021-06-17 14:30:00	2021-06-18 15:00:00	100	\N	2021-06-09 16:01:37.365549	2021-06-23 08:28:30.298344	33	50
392	804A0281-OP2	2021-06-08 10:30:00	2021-06-08 14:30:00	100	\N	2021-06-18 09:24:53.34897	2021-06-23 08:53:40.474828	40	12
373	805B0054-OP4	2021-07-07 11:50:00	2021-06-23 08:42:30	10	\N	2021-06-09 16:01:37.366438	2021-06-23 08:30:33.614976	33	50
306	804A0234-OP2	2021-06-15 08:00:00	2021-06-17 15:20:00	100	\N	2021-06-09 08:52:40.163321	2021-06-23 08:37:53.911725	5	56
370	805B0054-OP2	2021-06-17 09:00:00	2021-06-17 11:00:00	100	\N	2021-06-09 16:01:37.365446	2021-06-23 08:27:58.046826	33	50
331	805A0015-OP1	2021-06-04 08:00:00	2021-06-04 14:30:00	100	\N	2021-06-09 14:19:46.132832	2021-06-22 11:19:46.377303	13	55
359	805A0002-OP2	2021-06-16 17:00:00	2021-06-17 09:00:00	100	\N	2021-06-09 15:46:49.296086	2021-06-22 11:45:44.969503	28	167
314	804A0154-OP5	2021-06-18 14:21:40	2021-06-18 15:58:20	50	\N	2021-06-09 10:06:35.191048	2021-06-23 08:44:45.111356	8	100
416	804A0031-OP1	2021-05-31 14:00:00	2021-05-31 16:20:00	100	\N	2021-06-18 10:56:21.732663	2021-06-21 11:53:34.210992	53	35
412	804A0032-OP2	2021-06-15 11:30:00	2021-06-15 15:00:00	100	\N	2021-06-18 10:46:40.002348	2021-06-21 12:38:05.116717	51	35
302	804A0232-OP1	2021-06-07 08:00:00	2021-06-10 09:18:20	100	\N	2021-06-09 08:35:10.555721	2021-06-21 11:31:45.457309	4	100
417	804A0031-OP2	2021-06-10 11:00:00	2021-06-10 14:00:00	100	\N	2021-06-18 10:56:21.733926	2021-06-21 11:53:54.341743	53	35
\.


--
-- Data for Name: workingday; Type: TABLE DATA; Schema: public; Owner: postgres
--

COPY public.workingday (id, numerojour, open_close, hour1, hour2, hour3, hour4) FROM stdin;
1	0	null				
2	1	not null	08:00:00	12:00:00	12:30:00	17:20:00
3	2	not null	08:00:00	12:00:00	12:30:00	17:20:00
4	3	not null	08:00:00	12:00:00	12:30:00	17:20:00
5	4	not null	08:00:00	12:00:00	12:30:00	17:20:00
6	5	not null	08:00:00	12:00:00	12:30:00	17:20:00
7	6	null				
\.


--
-- Name: machine_id_seq; Type: SEQUENCE SET; Schema: public; Owner: postgres
--

SELECT pg_catalog.setval('public.machine_id_seq', 2, true);


--
-- Name: planning_id_seq; Type: SEQUENCE SET; Schema: public; Owner: postgres
--

SELECT pg_catalog.setval('public.planning_id_seq', 438, true);


--
-- Name: workingday_id_seq; Type: SEQUENCE SET; Schema: public; Owner: postgres
--

SELECT pg_catalog.setval('public.workingday_id_seq', 1, false);


--
-- Name: articles articles_pkey; Type: CONSTRAINT; Schema: public; Owner: postgres
--

ALTER TABLE ONLY public.articles
    ADD CONSTRAINT articles_pkey PRIMARY KEY (id);


--
-- Name: machine machine_pkey; Type: CONSTRAINT; Schema: public; Owner: postgres
--

ALTER TABLE ONLY public.machine
    ADD CONSTRAINT machine_pkey PRIMARY KEY (id);


--
-- Name: planning planning_pkey; Type: CONSTRAINT; Schema: public; Owner: postgres
--

ALTER TABLE ONLY public.planning
    ADD CONSTRAINT planning_pkey PRIMARY KEY (id);


--
-- Name: workingday workingday_pkey; Type: CONSTRAINT; Schema: public; Owner: postgres
--

ALTER TABLE ONLY public.workingday
    ADD CONSTRAINT workingday_pkey PRIMARY KEY (id);


--
-- PostgreSQL database dump complete
--

